K	n_top_noESM2	n_top_ESM2	n_shared	n_ESM2_specific	n_lost_after_ESM2	jaccard	median_delta_score_ESM2_specific	mean_delta_score_ESM2_specific
100	100	100	23	77	77	0.12994350282485875	0.09100282192230225	0.15474716293347346
200	200	200	63	137	137	0.18694362017804153	0.10627627372741699	0.1808476377360142
500	500	500	222	278	278	0.2853470437017995	0.15439477562904363	0.2249349953452621
5%	652	652	332	320	320	0.34156378600823045	0.17975544929504395	0.2565295558782964
