protocol	species	feature_group	n_seeds	full_auprc_mean	full_auprc_std	drop_auprc_mean	drop_auprc_std	delta_auprc_mean	delta_auprc_std	full_mcc_mean	full_mcc_std	drop_mcc_mean	drop_mcc_std	delta_mcc_mean	delta_mcc_std
fgraminearum_newlabel	fgraminearum	ESM2	5	0.546286867031029	0.028088091597509256	0.3534941061613109	0.007714617680478966	0.19279276086971814	0.02700342100597772	0.500300246199287	0.007625644509934276	0.30014050049745367	0.026059757659507243	0.20015974570183337	0.023900165630342942
fgraminearum_newlabel	fgraminearum	EXP	5	0.546286867031029	0.028088091597509256	0.5251974552065188	0.029595554745885395	0.021089411824510185	0.0031840457786185264	0.500300246199287	0.007625644509934276	0.48559983156380887	0.010265783585895314	0.014700414635478175	0.0041944239108306115
fgraminearum_newlabel	fgraminearum	ORT	5	0.546286867031029	0.028088091597509256	0.5353292492947126	0.031611298035234554	0.010957617736316339	0.00460700701164649	0.500300246199287	0.007625644509934276	0.4903534648016348	0.011650613017642628	0.009946781397652227	0.006795190526971923
fgraminearum_newlabel	fgraminearum	SUB	5	0.546286867031029	0.028088091597509256	0.5202588641273961	0.025657454010765766	0.02602800290363294	0.004155039965949201	0.500300246199287	0.007625644509934276	0.48313760502541536	0.007353931533000632	0.017162641173871708	0.007836908976891493
scerevisiae	scerevisiae	ESM2	5	0.6712607738781087	0.006674485344332088	0.33249306020715064	0.001055973663308491	0.3387677136709579	0.006388244198676954	0.5067306066374287	0.009891085832278787	0.18895354801593775	0.04092636190351451	0.317777058621491	0.04093083827683384
scerevisiae	scerevisiae	EXP	5	0.6712607738781087	0.006674485344332088	0.6119221647047945	0.011465905482328401	0.05933860917331411	0.00483454500175572	0.5067306066374287	0.009891085832278787	0.47644678838554116	0.013171037645713774	0.030283818251887595	0.014860641987819627
scerevisiae	scerevisiae	ORT	5	0.6712607738781087	0.006674485344332088	0.6303999507120631	0.007791009059033266	0.04086082316604556	0.0030703023466740723	0.5067306066374287	0.009891085832278787	0.4826948920574628	0.017095636990129295	0.02403571457996597	0.018043922433703292
scerevisiae	scerevisiae	SUB	5	0.6712607738781087	0.006674485344332088	0.5883740774907309	0.014650617886499639	0.08288669638737774	0.008142078930335896	0.5067306066374287	0.009891085832278787	0.4434881078529681	0.020134017400391124	0.06324249878446062	0.021458603080553577
